<application>
  <component name="CodeInsightSettings">
    <option name="ADD_UNAMBIGIOUS_IMPORTS_ON_THE_FLY" value="true" />
  </component>
  <component name="DefaultFont">
    <option name="FONT_SIZE" value="11" />
    <option name="FONT_FAMILY" value="JetBrains Mono" />
    <option name="LINE_SPACING" value="1.4" />
    <option name="USE_LIGATURES" value="true" />
  </component>
  <component name="EditorSettings">
    <option name="USE_SOFT_WRAPS" value="" />
    <option name="IS_WHITESPACES_SHOWN" value="true" />
  </component>
</application>