<keymap version="1" name="Default for macOS copy" parent="Mac OS X 10.5+">
  <action id="CompileDirty">
    <keyboard-shortcut first-keystroke="ctrl alt b" />
  </action>
  <action id="EvaluateExpression">
    <keyboard-shortcut first-keystroke="meta alt i" />
  </action>
  <action id="Run">
    <keyboard-shortcut first-keystroke="ctrl alt r" />
  </action>
  <action id="StepOver">
    <keyboard-shortcut first-keystroke="meta alt s" />
  </action>
  <action id="android.deploy.ApplyChanges">
    <keyboard-shortcut first-keystroke="ctrl meta r" />
  </action>
  <action id="android.deploy.CodeSwap">
    <keyboard-shortcut first-keystroke="shift ctrl meta r" />
  </action>
</keymap>